ID,path,character,target
0,train/img_0.jpg,Master Yoda,good
1,train/img_1.jpg,Rey Skywalker,good
2,train/img_2.jpg,Master Yoda,good
3,train/img_3.jpg,Mace Windu,good
4,train/img_4.jpg,Mace Windu,good
5,train/img_5.jpg,C-3PO,good
6,train/img_6.jpg,Darth Vader,bad
7,train/img_7.jpg,Kylo Ren,bad
8,train/img_8.jpg,Dark Sidious,bad
9,train/img_9.jpg,Master Yoda,good
10,train/img_10.jpg,Dark Sidious,bad
11,train/img_11.jpg,Master Yoda,good
12,train/img_12.jpg,Han Solo,good
13,train/img_13.jpg,Kylo Ren,bad
14,train/img_14.jpg,Master Yoda,good
15,train/img_15.jpg,Luke Skywalker,good
16,train/img_16.jpg,Master Yoda,good
17,train/img_17.jpg,Rey Skywalker,good
18,train/img_18.jpg,Han Solo,good
19,train/img_19.jpg,Master Yoda,good
20,train/img_20.jpg,Luke Skywalker,good
21,train/img_21.jpg,Master Yoda,good
22,train/img_22.jpg,Rey Skywalker,good
23,train/img_23.jpg,Han Solo,good
24,train/img_24.jpg,Darth Vader,bad
25,train/img_25.jpg,Dark Sidious,bad
26,train/img_26.jpg,Mace Windu,good
27,train/img_27.jpg,Qui-Gon Jinn,good
28,train/img_28.jpg,Luke Skywalker,good
29,train/img_29.jpg,Master Yoda,good
30,train/img_30.jpg,Darth Maul,bad
31,train/img_31.jpg,Boba Fett,bad
32,train/img_32.jpg,Rey Skywalker,good
33,train/img_33.jpg,Darth Maul,bad
34,train/img_34.jpg,C-3PO,good
35,train/img_35.jpg,Anakin Skywalker,good
36,train/img_36.jpg,Kylo Ren,bad
37,train/img_37.jpg,Master Yoda,good
38,train/img_38.jpg,Luke Skywalker,good
39,train/img_39.jpg,Qui-Gon Jinn,good
40,train/img_40.jpg,Master Yoda,good
41,train/img_41.jpg,Anakin Skywalker,good
42,train/img_42.jpg,Qui-Gon Jinn,good
43,train/img_43.jpg,Master Yoda,good
44,train/img_44.jpg,Anakin Skywalker,good
45,train/img_45.jpg,Han Solo,good
46,train/img_46.jpg,Master Yoda,good
47,train/img_47.jpg,Rey Skywalker,good
48,train/img_48.jpg,Qui-Gon Jinn,good
49,train/img_49.jpg,Han Solo,good
50,train/img_50.jpg,Master Yoda,good
51,train/img_51.jpg,Han Solo,good
52,train/img_52.jpg,Luke Skywalker,good
53,train/img_53.jpg,Master Yoda,good
54,train/img_54.jpg,Boba Fett,bad
55,train/img_55.jpg,Han Solo,good
56,train/img_56.jpg,Boba Fett,bad
57,train/img_57.jpg,Rey Skywalker,good
58,train/img_58.jpg,Han Solo,good
59,train/img_59.jpg,Master Yoda,good
60,train/img_60.jpg,Rey Skywalker,good
61,train/img_61.jpg,Darth Maul,bad
62,train/img_62.jpg,Han Solo,good
63,train/img_63.jpg,Qui-Gon Jinn,good
64,train/img_64.jpg,Master Yoda,good
65,train/img_65.jpg,Qui-Gon Jinn,good
66,train/img_66.jpg,Boba Fett,bad
67,train/img_67.jpg,Luke Skywalker,good
68,train/img_68.jpg,Han Solo,good
69,train/img_69.jpg,Boba Fett,bad
70,train/img_70.jpg,Dark Sidious,bad
71,train/img_71.jpg,Anakin Skywalker,good
72,train/img_72.jpg,C-3PO,good
73,train/img_73.jpg,Dark Sidious,bad
74,train/img_74.jpg,Anakin Skywalker,good
75,train/img_75.jpg,Rey Skywalker,good
76,train/img_76.jpg,Mace Windu,good
77,train/img_77.jpg,C-3PO,good
78,train/img_78.jpg,Qui-Gon Jinn,good
79,train/img_79.jpg,Master Yoda,good
80,train/img_80.jpg,Boba Fett,bad
81,train/img_81.jpg,Mace Windu,good
82,train/img_82.jpg,Dark Sidious,bad
83,train/img_83.jpg,Han Solo,good
84,train/img_84.jpg,Han Solo,good
85,train/img_85.jpg,Master Yoda,good
86,train/img_86.jpg,Luke Skywalker,good
87,train/img_87.jpg,Qui-Gon Jinn,good
88,train/img_88.jpg,Anakin Skywalker,good
89,train/img_89.jpg,Master Yoda,good
90,train/img_90.jpg,Master Yoda,good
91,train/img_91.jpg,Anakin Skywalker,good
92,train/img_92.jpg,Rey Skywalker,good
93,train/img_93.jpg,Rey Skywalker,good
94,train/img_94.jpg,Han Solo,good
95,train/img_95.jpg,Master Yoda,good
96,train/img_96.jpg,Dark Sidious,bad
97,train/img_97.jpg,Darth Vader,bad
98,train/img_98.jpg,Luke Skywalker,good
99,train/img_99.jpg,Rey Skywalker,good
100,train/img_100.jpg,Mace Windu,good
101,train/img_101.jpg,Luke Skywalker,good
102,train/img_102.jpg,Rey Skywalker,good
103,train/img_103.jpg,Master Yoda,good
104,train/img_104.jpg,Dark Sidious,bad
105,train/img_105.jpg,Master Yoda,good
106,train/img_106.jpg,Kylo Ren,bad
107,train/img_107.jpg,Luke Skywalker,good
108,train/img_108.jpg,Kylo Ren,bad
109,train/img_109.jpg,Darth Vader,bad
110,train/img_110.jpg,Luke Skywalker,good
111,train/img_111.jpg,C-3PO,good
112,train/img_112.jpg,Luke Skywalker,good
113,train/img_113.jpg,Master Yoda,good
114,train/img_114.jpg,Boba Fett,bad
115,train/img_115.jpg,Qui-Gon Jinn,good
116,train/img_116.jpg,Kylo Ren,bad
117,train/img_117.jpg,Luke Skywalker,good
118,train/img_118.jpg,Rey Skywalker,good
119,train/img_119.jpg,Master Yoda,good
120,train/img_120.jpg,Mace Windu,good
121,train/img_121.jpg,Master Yoda,good
122,train/img_122.jpg,Master Yoda,good
123,train/img_123.jpg,Darth Vader,bad
124,train/img_124.jpg,Master Yoda,good
125,train/img_125.jpg,Master Yoda,good
126,train/img_126.jpg,Master Yoda,good
127,train/img_127.jpg,Rey Skywalker,good
128,train/img_128.jpg,Anakin Skywalker,good
129,train/img_129.jpg,Han Solo,good
130,train/img_130.jpg,Anakin Skywalker,good
131,train/img_131.jpg,Kylo Ren,bad
132,train/img_132.jpg,Kylo Ren,bad
133,train/img_133.jpg,Mace Windu,good
134,train/img_134.jpg,Master Yoda,good
135,train/img_135.jpg,Rey Skywalker,good
136,train/img_136.jpg,Master Yoda,good
137,train/img_137.jpg,Kylo Ren,bad
138,train/img_138.jpg,Darth Vader,bad
139,train/img_139.jpg,Darth Maul,bad
140,train/img_140.jpg,Han Solo,good
141,train/img_141.jpg,Master Yoda,good
142,train/img_142.jpg,Han Solo,good
143,train/img_143.jpg,Master Yoda,good
144,train/img_144.jpg,Han Solo,good
145,train/img_145.jpg,Darth Maul,bad
146,train/img_146.jpg,Dark Sidious,bad
147,train/img_147.jpg,C-3PO,good
148,train/img_148.jpg,Darth Vader,bad
149,train/img_149.jpg,Master Yoda,good
150,train/img_150.jpg,Darth Maul,bad
151,train/img_151.jpg,Master Yoda,good
152,train/img_152.jpg,Darth Maul,bad
153,train/img_153.jpg,Han Solo,good
154,train/img_154.jpg,Rey Skywalker,good
155,train/img_155.jpg,Han Solo,good
156,train/img_156.jpg,C-3PO,good
157,train/img_157.jpg,Mace Windu,good
158,train/img_158.jpg,Mace Windu,good
159,train/img_159.jpg,Dark Sidious,bad
160,train/img_160.jpg,Qui-Gon Jinn,good
161,train/img_161.jpg,Boba Fett,bad
162,train/img_162.jpg,Master Yoda,good
163,train/img_163.jpg,Darth Maul,bad
164,train/img_164.jpg,Darth Vader,bad
165,train/img_165.jpg,Dark Sidious,bad
166,train/img_166.jpg,Anakin Skywalker,good
167,train/img_167.jpg,Darth Vader,bad
168,train/img_168.jpg,Dark Sidious,bad
169,train/img_169.jpg,Darth Maul,bad
170,train/img_170.jpg,Master Yoda,good
171,train/img_171.jpg,Darth Vader,bad
172,train/img_172.jpg,Master Yoda,good
173,train/img_173.jpg,Master Yoda,good
174,train/img_174.jpg,Master Yoda,good
175,train/img_175.jpg,Master Yoda,good
176,train/img_176.jpg,Han Solo,good
177,train/img_177.jpg,Rey Skywalker,good
178,train/img_178.jpg,Luke Skywalker,good
179,train/img_179.jpg,Boba Fett,bad
180,train/img_180.jpg,C-3PO,good
181,train/img_181.jpg,Qui-Gon Jinn,good
182,train/img_182.jpg,Rey Skywalker,good
183,train/img_183.jpg,Master Yoda,good
184,train/img_184.jpg,Mace Windu,good
185,train/img_185.jpg,Rey Skywalker,good
186,train/img_186.jpg,Master Yoda,good
187,train/img_187.jpg,Master Yoda,good
188,train/img_188.jpg,Rey Skywalker,good
189,train/img_189.jpg,Darth Vader,bad
190,train/img_190.jpg,Master Yoda,good
191,train/img_191.jpg,Master Yoda,good
192,train/img_192.jpg,Rey Skywalker,good
193,train/img_193.jpg,Master Yoda,good
194,train/img_194.jpg,Kylo Ren,bad
195,train/img_195.jpg,Master Yoda,good
196,train/img_196.jpg,Qui-Gon Jinn,good
197,train/img_197.jpg,Rey Skywalker,good
198,train/img_198.jpg,Darth Maul,bad
199,train/img_199.jpg,Rey Skywalker,good
200,train/img_200.jpg,C-3PO,good
201,train/img_201.jpg,Darth Maul,bad
202,train/img_202.jpg,Luke Skywalker,good
203,train/img_203.jpg,Rey Skywalker,good
204,train/img_204.jpg,Mace Windu,good
205,train/img_205.jpg,Master Yoda,good
206,train/img_206.jpg,Rey Skywalker,good
207,train/img_207.jpg,Rey Skywalker,good
208,train/img_208.jpg,Luke Skywalker,good
209,train/img_209.jpg,Master Yoda,good
210,train/img_210.jpg,Boba Fett,bad
211,train/img_211.jpg,Master Yoda,good
212,train/img_212.jpg,Han Solo,good
213,train/img_213.jpg,Master Yoda,good
214,train/img_214.jpg,Master Yoda,good
215,train/img_215.jpg,Dark Sidious,bad
216,train/img_216.jpg,Rey Skywalker,good
217,train/img_217.jpg,Han Solo,good
218,train/img_218.jpg,Master Yoda,good
219,train/img_219.jpg,Master Yoda,good
220,train/img_220.jpg,Darth Vader,bad
221,train/img_221.jpg,Master Yoda,good
222,train/img_222.jpg,Master Yoda,good
223,train/img_223.jpg,Boba Fett,bad
224,train/img_224.jpg,Darth Maul,bad
225,train/img_225.jpg,Darth Vader,bad
226,train/img_226.jpg,C-3PO,good
227,train/img_227.jpg,Master Yoda,good
228,train/img_228.jpg,Darth Maul,bad
229,train/img_229.jpg,Mace Windu,good
230,train/img_230.jpg,C-3PO,good
231,train/img_231.jpg,Mace Windu,good
232,train/img_232.jpg,Master Yoda,good
233,train/img_233.jpg,Darth Vader,bad
234,train/img_234.jpg,Kylo Ren,bad
235,train/img_235.jpg,Qui-Gon Jinn,good
236,train/img_236.jpg,Luke Skywalker,good
237,train/img_237.jpg,Darth Vader,bad
238,train/img_238.jpg,Master Yoda,good
239,train/img_239.jpg,C-3PO,good
240,train/img_240.jpg,Qui-Gon Jinn,good
241,train/img_241.jpg,Master Yoda,good
242,train/img_242.jpg,Kylo Ren,bad
243,train/img_243.jpg,Luke Skywalker,good
244,train/img_244.jpg,Luke Skywalker,good
245,train/img_245.jpg,Boba Fett,bad
246,train/img_246.jpg,Rey Skywalker,good
247,train/img_247.jpg,Qui-Gon Jinn,good
248,train/img_248.jpg,Luke Skywalker,good
249,train/img_249.jpg,Master Yoda,good
250,train/img_250.jpg,Han Solo,good
251,train/img_251.jpg,Anakin Skywalker,good
252,train/img_252.jpg,Darth Vader,bad
253,train/img_253.jpg,Master Yoda,good
254,train/img_254.jpg,C-3PO,good
255,train/img_255.jpg,Dark Sidious,bad
256,train/img_256.jpg,Qui-Gon Jinn,good
257,train/img_257.jpg,Qui-Gon Jinn,good
258,train/img_258.jpg,Master Yoda,good
259,train/img_259.jpg,Qui-Gon Jinn,good
260,train/img_260.jpg,Master Yoda,good
261,train/img_261.jpg,Anakin Skywalker,good
262,train/img_262.jpg,Master Yoda,good
263,train/img_263.jpg,Qui-Gon Jinn,good
264,train/img_264.jpg,Master Yoda,good
265,train/img_265.jpg,Qui-Gon Jinn,good
266,train/img_266.jpg,Anakin Skywalker,good
267,train/img_267.jpg,Qui-Gon Jinn,good
268,train/img_268.jpg,Luke Skywalker,good
269,train/img_269.jpg,Darth Maul,bad
270,train/img_270.jpg,Luke Skywalker,good
271,train/img_271.jpg,Darth Maul,bad
272,train/img_272.jpg,Luke Skywalker,good
273,train/img_273.jpg,Boba Fett,bad
274,train/img_274.jpg,Darth Maul,bad
275,train/img_275.jpg,Master Yoda,good
276,train/img_276.jpg,Dark Sidious,bad
277,train/img_277.jpg,Rey Skywalker,good
278,train/img_278.jpg,Qui-Gon Jinn,good
279,train/img_279.jpg,Darth Vader,bad
280,train/img_280.jpg,Darth Maul,bad
281,train/img_281.jpg,C-3PO,good
282,train/img_282.jpg,Rey Skywalker,good
283,train/img_283.jpg,Darth Maul,bad
284,train/img_284.jpg,Master Yoda,good
285,train/img_285.jpg,Dark Sidious,bad
286,train/img_286.jpg,Master Yoda,good
287,train/img_287.jpg,Master Yoda,good
288,train/img_288.jpg,Master Yoda,good
289,train/img_289.jpg,Rey Skywalker,good
290,train/img_290.jpg,Master Yoda,good
291,train/img_291.jpg,Master Yoda,good
292,train/img_292.jpg,Darth Maul,bad
293,train/img_293.jpg,C-3PO,good
294,train/img_294.jpg,Mace Windu,good
295,train/img_295.jpg,Master Yoda,good
296,train/img_296.jpg,Rey Skywalker,good
297,train/img_297.jpg,Rey Skywalker,good
298,train/img_298.jpg,C-3PO,good
299,train/img_299.jpg,Kylo Ren,bad
300,train/img_300.jpg,Master Yoda,good
301,train/img_301.jpg,Dark Sidious,bad
302,train/img_302.jpg,Anakin Skywalker,good
303,train/img_303.jpg,Master Yoda,good
304,train/img_304.jpg,Darth Maul,bad
305,train/img_305.jpg,Master Yoda,good
306,train/img_306.jpg,Master Yoda,good
307,train/img_307.jpg,Master Yoda,good
308,train/img_308.jpg,Kylo Ren,bad
309,train/img_309.jpg,Master Yoda,good
310,train/img_310.jpg,Qui-Gon Jinn,good
311,train/img_311.jpg,Master Yoda,good
312,train/img_312.jpg,Darth Vader,bad
313,train/img_313.jpg,Rey Skywalker,good
314,train/img_314.jpg,Master Yoda,good
315,train/img_315.jpg,Mace Windu,good
316,train/img_316.jpg,Luke Skywalker,good
317,train/img_317.jpg,C-3PO,good
318,train/img_318.jpg,Master Yoda,good
319,train/img_319.jpg,Master Yoda,good
320,train/img_320.jpg,Kylo Ren,bad
321,train/img_321.jpg,Boba Fett,bad
322,train/img_322.jpg,Master Yoda,good
323,train/img_323.jpg,Master Yoda,good
324,train/img_324.jpg,Kylo Ren,bad
325,train/img_325.jpg,Master Yoda,good
326,train/img_326.jpg,Darth Vader,bad
327,train/img_327.jpg,Master Yoda,good
328,train/img_328.jpg,Master Yoda,good
329,train/img_329.jpg,Mace Windu,good
330,train/img_330.jpg,Kylo Ren,bad
331,train/img_331.jpg,Master Yoda,good
332,train/img_332.jpg,Master Yoda,good
333,train/img_333.jpg,Master Yoda,good
334,train/img_334.jpg,Dark Sidious,bad
335,train/img_335.jpg,Boba Fett,bad
336,train/img_336.jpg,Master Yoda,good
337,train/img_337.jpg,Darth Vader,bad
338,train/img_338.jpg,Boba Fett,bad
339,train/img_339.jpg,C-3PO,good
340,train/img_340.jpg,Master Yoda,good
341,train/img_341.jpg,Rey Skywalker,good
342,train/img_342.jpg,C-3PO,good
343,train/img_343.jpg,Rey Skywalker,good
344,train/img_344.jpg,C-3PO,good
345,train/img_345.jpg,Master Yoda,good
346,train/img_346.jpg,Boba Fett,bad
347,train/img_347.jpg,C-3PO,good
348,train/img_348.jpg,Darth Maul,bad
349,train/img_349.jpg,Darth Maul,bad
350,train/img_350.jpg,Qui-Gon Jinn,good
351,train/img_351.jpg,Mace Windu,good
352,train/img_352.jpg,C-3PO,good
353,train/img_353.jpg,Dark Sidious,bad
354,train/img_354.jpg,C-3PO,good
355,train/img_355.jpg,Kylo Ren,bad
356,train/img_356.jpg,Kylo Ren,bad
357,train/img_357.jpg,Boba Fett,bad
358,train/img_358.jpg,Rey Skywalker,good
359,train/img_359.jpg,Darth Maul,bad
360,train/img_360.jpg,Anakin Skywalker,good
361,train/img_361.jpg,Boba Fett,bad
362,train/img_362.jpg,Anakin Skywalker,good
363,train/img_363.jpg,C-3PO,good
364,train/img_364.jpg,Boba Fett,bad
365,train/img_365.jpg,C-3PO,good
366,train/img_366.jpg,Master Yoda,good
367,train/img_367.jpg,Darth Vader,bad
368,train/img_368.jpg,Master Yoda,good
369,train/img_369.jpg,Darth Vader,bad
370,train/img_370.jpg,C-3PO,good
371,train/img_371.jpg,Qui-Gon Jinn,good
372,train/img_372.jpg,Kylo Ren,bad
373,train/img_373.jpg,Darth Maul,bad
374,train/img_374.jpg,Darth Vader,bad
375,train/img_375.jpg,Dark Sidious,bad
376,train/img_376.jpg,Master Yoda,good
377,train/img_377.jpg,Dark Sidious,bad
378,train/img_378.jpg,Master Yoda,good
379,train/img_379.jpg,Boba Fett,bad
380,train/img_380.jpg,Master Yoda,good
381,train/img_381.jpg,Rey Skywalker,good
382,train/img_382.jpg,Rey Skywalker,good
383,train/img_383.jpg,Boba Fett,bad
384,train/img_384.jpg,Mace Windu,good
385,train/img_385.jpg,Master Yoda,good
386,train/img_386.jpg,Rey Skywalker,good
387,train/img_387.jpg,Master Yoda,good
388,train/img_388.jpg,Anakin Skywalker,good
389,train/img_389.jpg,Darth Vader,bad
390,train/img_390.jpg,Master Yoda,good
391,train/img_391.jpg,Master Yoda,good
392,train/img_392.jpg,Darth Vader,bad
393,train/img_393.jpg,Qui-Gon Jinn,good
394,train/img_394.jpg,Rey Skywalker,good
395,train/img_395.jpg,Rey Skywalker,good
396,train/img_396.jpg,Han Solo,good
397,train/img_397.jpg,Rey Skywalker,good
398,train/img_398.jpg,Master Yoda,good
399,train/img_399.jpg,Darth Maul,bad
400,train/img_400.jpg,Mace Windu,good
401,train/img_401.jpg,Mace Windu,good
402,train/img_402.jpg,Master Yoda,good
403,train/img_403.jpg,Rey Skywalker,good
404,train/img_404.jpg,Anakin Skywalker,good
405,train/img_405.jpg,Anakin Skywalker,good
406,train/img_406.jpg,Master Yoda,good
407,train/img_407.jpg,Darth Vader,bad
408,train/img_408.jpg,Master Yoda,good
409,train/img_409.jpg,Boba Fett,bad
410,train/img_410.jpg,Master Yoda,good
411,train/img_411.jpg,Kylo Ren,bad
412,train/img_412.jpg,Darth Maul,bad
413,train/img_413.jpg,Kylo Ren,bad
414,train/img_414.jpg,Dark Sidious,bad
415,train/img_415.jpg,Luke Skywalker,good
416,train/img_416.jpg,Anakin Skywalker,good
417,train/img_417.jpg,Han Solo,good
418,train/img_418.jpg,Dark Sidious,bad
419,train/img_419.jpg,Master Yoda,good
420,train/img_420.jpg,Boba Fett,bad
421,train/img_421.jpg,Anakin Skywalker,good
422,train/img_422.jpg,C-3PO,good
423,train/img_423.jpg,Mace Windu,good
424,train/img_424.jpg,Kylo Ren,bad
425,train/img_425.jpg,C-3PO,good
426,train/img_426.jpg,Qui-Gon Jinn,good
427,train/img_427.jpg,Rey Skywalker,good
428,train/img_428.jpg,Darth Vader,bad
429,train/img_429.jpg,Master Yoda,good
430,train/img_430.jpg,Luke Skywalker,good
431,train/img_431.jpg,Han Solo,good
432,train/img_432.jpg,Boba Fett,bad
433,train/img_433.jpg,Qui-Gon Jinn,good
434,train/img_434.jpg,Qui-Gon Jinn,good
435,train/img_435.jpg,Darth Maul,bad
436,train/img_436.jpg,Kylo Ren,bad
437,train/img_437.jpg,Kylo Ren,bad
438,train/img_438.jpg,Master Yoda,good
439,train/img_439.jpg,Rey Skywalker,good
440,train/img_440.jpg,Master Yoda,good
441,train/img_441.jpg,Rey Skywalker,good
442,train/img_442.jpg,Dark Sidious,bad
443,train/img_443.jpg,Master Yoda,good
444,train/img_444.jpg,Anakin Skywalker,good
445,train/img_445.jpg,Luke Skywalker,good
446,train/img_446.jpg,Luke Skywalker,good
447,train/img_447.jpg,Master Yoda,good
448,train/img_448.jpg,Qui-Gon Jinn,good
449,train/img_449.jpg,Darth Vader,bad
450,train/img_450.jpg,C-3PO,good
451,train/img_451.jpg,Mace Windu,good
452,train/img_452.jpg,Rey Skywalker,good
453,train/img_453.jpg,Rey Skywalker,good
454,train/img_454.jpg,Boba Fett,bad
455,train/img_455.jpg,Anakin Skywalker,good
456,train/img_456.jpg,C-3PO,good
457,train/img_457.jpg,Master Yoda,good
458,train/img_458.jpg,Anakin Skywalker,good
459,train/img_459.jpg,Qui-Gon Jinn,good
460,train/img_460.jpg,Boba Fett,bad
461,train/img_461.jpg,Han Solo,good
462,train/img_462.jpg,Darth Maul,bad
463,train/img_463.jpg,C-3PO,good
464,train/img_464.jpg,Master Yoda,good
465,train/img_465.jpg,Kylo Ren,bad
466,train/img_466.jpg,Master Yoda,good
467,train/img_467.jpg,Master Yoda,good
468,train/img_468.jpg,Rey Skywalker,good
469,train/img_469.jpg,Mace Windu,good
470,train/img_470.jpg,Kylo Ren,bad
471,train/img_471.jpg,Rey Skywalker,good
472,train/img_472.jpg,Dark Sidious,bad
473,train/img_473.jpg,Qui-Gon Jinn,good
474,train/img_474.jpg,Master Yoda,good
475,train/img_475.jpg,Master Yoda,good
476,train/img_476.jpg,Dark Sidious,bad
477,train/img_477.jpg,Qui-Gon Jinn,good
478,train/img_478.jpg,Darth Vader,bad
479,train/img_479.jpg,Master Yoda,good
480,train/img_480.jpg,Master Yoda,good
481,train/img_481.jpg,Kylo Ren,bad
482,train/img_482.jpg,Dark Sidious,bad
483,train/img_483.jpg,Darth Vader,bad
484,train/img_484.jpg,Kylo Ren,bad
485,train/img_485.jpg,Luke Skywalker,good
486,train/img_486.jpg,Mace Windu,good
487,train/img_487.jpg,Darth Vader,bad
488,train/img_488.jpg,Darth Vader,bad
489,train/img_489.jpg,Darth Maul,bad
490,train/img_490.jpg,Master Yoda,good
491,train/img_491.jpg,Master Yoda,good
492,train/img_492.jpg,Qui-Gon Jinn,good
493,train/img_493.jpg,Darth Maul,bad
494,train/img_494.jpg,Mace Windu,good
495,train/img_495.jpg,Luke Skywalker,good
496,train/img_496.jpg,Kylo Ren,bad
497,train/img_497.jpg,Kylo Ren,bad
498,train/img_498.jpg,Rey Skywalker,good
499,train/img_499.jpg,Rey Skywalker,good
500,train/img_500.jpg,Rey Skywalker,good
501,train/img_501.jpg,Luke Skywalker,good
502,train/img_502.jpg,Master Yoda,good
503,train/img_503.jpg,Master Yoda,good
504,train/img_504.jpg,Boba Fett,bad
505,train/img_505.jpg,Rey Skywalker,good
506,train/img_506.jpg,Darth Maul,bad
507,train/img_507.jpg,Dark Sidious,bad
508,train/img_508.jpg,Master Yoda,good
509,train/img_509.jpg,Kylo Ren,bad
510,train/img_510.jpg,Darth Maul,bad
511,train/img_511.jpg,Darth Maul,bad
512,train/img_512.jpg,Mace Windu,good
513,train/img_513.jpg,Luke Skywalker,good
514,train/img_514.jpg,Darth Vader,bad
515,train/img_515.jpg,Anakin Skywalker,good
516,train/img_516.jpg,Boba Fett,bad
517,train/img_517.jpg,Darth Vader,bad
518,train/img_518.jpg,Qui-Gon Jinn,good
519,train/img_519.jpg,Anakin Skywalker,good
520,train/img_520.jpg,Rey Skywalker,good
521,train/img_521.jpg,Darth Vader,bad
522,train/img_522.jpg,Dark Sidious,bad
523,train/img_523.jpg,Han Solo,good
524,train/img_524.jpg,Han Solo,good
525,train/img_525.jpg,Anakin Skywalker,good
526,train/img_526.jpg,Kylo Ren,bad
527,train/img_527.jpg,Rey Skywalker,good
528,train/img_528.jpg,Master Yoda,good
529,train/img_529.jpg,Darth Maul,bad
530,train/img_530.jpg,Master Yoda,good
531,train/img_531.jpg,Rey Skywalker,good
532,train/img_532.jpg,Kylo Ren,bad
533,train/img_533.jpg,Han Solo,good
534,train/img_534.jpg,Darth Vader,bad
535,train/img_535.jpg,Darth Vader,bad
536,train/img_536.jpg,Kylo Ren,bad
537,train/img_537.jpg,Qui-Gon Jinn,good
538,train/img_538.jpg,Master Yoda,good
539,train/img_539.jpg,C-3PO,good
540,train/img_540.jpg,Dark Sidious,bad
541,train/img_541.jpg,Boba Fett,bad
542,train/img_542.jpg,Dark Sidious,bad
543,train/img_543.jpg,Rey Skywalker,good
544,train/img_544.jpg,Han Solo,good
545,train/img_545.jpg,Qui-Gon Jinn,good
546,train/img_546.jpg,C-3PO,good
547,train/img_547.jpg,Luke Skywalker,good
548,train/img_548.jpg,Master Yoda,good
549,train/img_549.jpg,Rey Skywalker,good
550,train/img_550.jpg,Dark Sidious,bad
551,train/img_551.jpg,Rey Skywalker,good
552,train/img_552.jpg,C-3PO,good
553,train/img_553.jpg,Darth Maul,bad
554,train/img_554.jpg,Qui-Gon Jinn,good
555,train/img_555.jpg,C-3PO,good
556,train/img_556.jpg,Master Yoda,good
557,train/img_557.jpg,Han Solo,good
558,train/img_558.jpg,Master Yoda,good
559,train/img_559.jpg,Anakin Skywalker,good
560,train/img_560.jpg,Rey Skywalker,good
561,train/img_561.jpg,Master Yoda,good
562,train/img_562.jpg,Mace Windu,good
563,train/img_563.jpg,Master Yoda,good
564,train/img_564.jpg,Han Solo,good
565,train/img_565.jpg,Master Yoda,good
566,train/img_566.jpg,Master Yoda,good
567,train/img_567.jpg,Luke Skywalker,good
568,train/img_568.jpg,Master Yoda,good
569,train/img_569.jpg,C-3PO,good
570,train/img_570.jpg,Mace Windu,good
571,train/img_571.jpg,Master Yoda,good
572,train/img_572.jpg,Dark Sidious,bad
573,train/img_573.jpg,Darth Maul,bad
574,train/img_574.jpg,Anakin Skywalker,good
575,train/img_575.jpg,Anakin Skywalker,good
576,train/img_576.jpg,Master Yoda,good
577,train/img_577.jpg,Han Solo,good
578,train/img_578.jpg,Master Yoda,good
579,train/img_579.jpg,Dark Sidious,bad
580,train/img_580.jpg,Luke Skywalker,good
581,train/img_581.jpg,Qui-Gon Jinn,good
582,train/img_582.jpg,Dark Sidious,bad
583,train/img_583.jpg,Anakin Skywalker,good
584,train/img_584.jpg,Mace Windu,good
585,train/img_585.jpg,Kylo Ren,bad
586,train/img_586.jpg,Master Yoda,good
587,train/img_587.jpg,Luke Skywalker,good
588,train/img_588.jpg,Kylo Ren,bad
589,train/img_589.jpg,Dark Sidious,bad
590,train/img_590.jpg,Boba Fett,bad
591,train/img_591.jpg,C-3PO,good
592,train/img_592.jpg,Master Yoda,good
593,train/img_593.jpg,Master Yoda,good
594,train/img_594.jpg,Rey Skywalker,good
595,train/img_595.jpg,Master Yoda,good
596,train/img_596.jpg,Master Yoda,good
597,train/img_597.jpg,Luke Skywalker,good
598,train/img_598.jpg,Mace Windu,good
599,train/img_599.jpg,Master Yoda,good
600,train/img_600.jpg,Rey Skywalker,good
601,train/img_601.jpg,C-3PO,good
602,train/img_602.jpg,Mace Windu,good
603,train/img_603.jpg,Kylo Ren,bad
604,train/img_604.jpg,Master Yoda,good
605,train/img_605.jpg,Master Yoda,good
606,train/img_606.jpg,Master Yoda,good
607,train/img_607.jpg,Master Yoda,good
608,train/img_608.jpg,Anakin Skywalker,good
609,train/img_609.jpg,Master Yoda,good
610,train/img_610.jpg,Kylo Ren,bad
611,train/img_611.jpg,Master Yoda,good
612,train/img_612.jpg,Qui-Gon Jinn,good
613,train/img_613.jpg,Qui-Gon Jinn,good
614,train/img_614.jpg,Qui-Gon Jinn,good
615,train/img_615.jpg,Han Solo,good
616,train/img_616.jpg,Anakin Skywalker,good
617,train/img_617.jpg,Master Yoda,good
618,train/img_618.jpg,Boba Fett,bad
619,train/img_619.jpg,Boba Fett,bad
620,train/img_620.jpg,Darth Maul,bad
621,train/img_621.jpg,C-3PO,good
622,train/img_622.jpg,Master Yoda,good
623,train/img_623.jpg,Darth Vader,bad
624,train/img_624.jpg,C-3PO,good
625,train/img_625.jpg,Anakin Skywalker,good
626,train/img_626.jpg,Boba Fett,bad
627,train/img_627.jpg,Han Solo,good
628,train/img_628.jpg,Luke Skywalker,good
629,train/img_629.jpg,Boba Fett,bad
630,train/img_630.jpg,Luke Skywalker,good
631,train/img_631.jpg,Darth Maul,bad
632,train/img_632.jpg,Master Yoda,good
633,train/img_633.jpg,Kylo Ren,bad
634,train/img_634.jpg,Qui-Gon Jinn,good
635,train/img_635.jpg,Dark Sidious,bad
636,train/img_636.jpg,Mace Windu,good
637,train/img_637.jpg,Rey Skywalker,good
638,train/img_638.jpg,Qui-Gon Jinn,good
639,train/img_639.jpg,Dark Sidious,bad
640,train/img_640.jpg,Rey Skywalker,good
641,train/img_641.jpg,Boba Fett,bad
642,train/img_642.jpg,Boba Fett,bad
643,train/img_643.jpg,Master Yoda,good
644,train/img_644.jpg,C-3PO,good
645,train/img_645.jpg,Kylo Ren,bad
646,train/img_646.jpg,Mace Windu,good
647,train/img_647.jpg,Rey Skywalker,good
648,train/img_648.jpg,Qui-Gon Jinn,good
649,train/img_649.jpg,Rey Skywalker,good
650,train/img_650.jpg,Rey Skywalker,good
651,train/img_651.jpg,Luke Skywalker,good
652,train/img_652.jpg,Luke Skywalker,good
653,train/img_653.jpg,Darth Maul,bad
654,train/img_654.jpg,Boba Fett,bad
655,train/img_655.jpg,Master Yoda,good
656,train/img_656.jpg,Han Solo,good
657,train/img_657.jpg,Han Solo,good
658,train/img_658.jpg,Mace Windu,good
659,train/img_659.jpg,Han Solo,good
660,train/img_660.jpg,Mace Windu,good
661,train/img_661.jpg,Qui-Gon Jinn,good
662,train/img_662.jpg,Master Yoda,good
663,train/img_663.jpg,Rey Skywalker,good
664,train/img_664.jpg,Darth Maul,bad
665,train/img_665.jpg,Master Yoda,good
666,train/img_666.jpg,Master Yoda,good
667,train/img_667.jpg,Master Yoda,good
668,train/img_668.jpg,Qui-Gon Jinn,good
669,train/img_669.jpg,Master Yoda,good
670,train/img_670.jpg,Darth Vader,bad
671,train/img_671.jpg,Master Yoda,good
672,train/img_672.jpg,Qui-Gon Jinn,good
673,train/img_673.jpg,Darth Vader,bad
674,train/img_674.jpg,Master Yoda,good
675,train/img_675.jpg,Rey Skywalker,good
676,train/img_676.jpg,Boba Fett,bad
677,train/img_677.jpg,Darth Vader,bad
678,train/img_678.jpg,C-3PO,good
679,train/img_679.jpg,Master Yoda,good
680,train/img_680.jpg,Rey Skywalker,good
681,train/img_681.jpg,Darth Vader,bad
682,train/img_682.jpg,Dark Sidious,bad
683,train/img_683.jpg,Rey Skywalker,good
684,train/img_684.jpg,Kylo Ren,bad
685,train/img_685.jpg,Kylo Ren,bad
686,train/img_686.jpg,C-3PO,good
687,train/img_687.jpg,Dark Sidious,bad
688,train/img_688.jpg,Kylo Ren,bad
689,train/img_689.jpg,Han Solo,good
690,train/img_690.jpg,Dark Sidious,bad
691,train/img_691.jpg,Master Yoda,good
692,train/img_692.jpg,Anakin Skywalker,good
693,train/img_693.jpg,Han Solo,good
694,train/img_694.jpg,Han Solo,good
695,train/img_695.jpg,Master Yoda,good
696,train/img_696.jpg,Rey Skywalker,good
697,train/img_697.jpg,Master Yoda,good
698,train/img_698.jpg,Han Solo,good
699,train/img_699.jpg,Rey Skywalker,good
700,train/img_700.jpg,Luke Skywalker,good
701,train/img_701.jpg,Darth Vader,bad
702,train/img_702.jpg,Rey Skywalker,good
703,train/img_703.jpg,Master Yoda,good
704,train/img_704.jpg,Anakin Skywalker,good
705,train/img_705.jpg,Master Yoda,good
706,train/img_706.jpg,Darth Maul,bad
707,train/img_707.jpg,C-3PO,good
708,train/img_708.jpg,Boba Fett,bad
709,train/img_709.jpg,Han Solo,good
710,train/img_710.jpg,Master Yoda,good
711,train/img_711.jpg,Master Yoda,good
712,train/img_712.jpg,Kylo Ren,bad
713,train/img_713.jpg,Rey Skywalker,good
714,train/img_714.jpg,Darth Vader,bad
715,train/img_715.jpg,Han Solo,good
716,train/img_716.jpg,Kylo Ren,bad
717,train/img_717.jpg,Master Yoda,good
718,train/img_718.jpg,Anakin Skywalker,good
719,train/img_719.jpg,Dark Sidious,bad
720,train/img_720.jpg,Luke Skywalker,good
721,train/img_721.jpg,Master Yoda,good
722,train/img_722.jpg,Luke Skywalker,good
723,train/img_723.jpg,Master Yoda,good
724,train/img_724.jpg,C-3PO,good
725,train/img_725.jpg,Luke Skywalker,good
726,train/img_726.jpg,Mace Windu,good
727,train/img_727.jpg,Master Yoda,good
728,train/img_728.jpg,Boba Fett,bad
729,train/img_729.jpg,Master Yoda,good
730,train/img_730.jpg,Rey Skywalker,good
731,train/img_731.jpg,Boba Fett,bad
732,train/img_732.jpg,Han Solo,good
733,train/img_733.jpg,Rey Skywalker,good
734,train/img_734.jpg,Qui-Gon Jinn,good
735,train/img_735.jpg,Master Yoda,good
736,train/img_736.jpg,C-3PO,good
737,train/img_737.jpg,Qui-Gon Jinn,good
738,train/img_738.jpg,Luke Skywalker,good
739,train/img_739.jpg,Rey Skywalker,good
740,train/img_740.jpg,Boba Fett,bad
741,train/img_741.jpg,Rey Skywalker,good
742,train/img_742.jpg,Master Yoda,good
743,train/img_743.jpg,Dark Sidious,bad
744,train/img_744.jpg,Boba Fett,bad
745,train/img_745.jpg,Anakin Skywalker,good
746,train/img_746.jpg,Mace Windu,good
747,train/img_747.jpg,Boba Fett,bad
748,train/img_748.jpg,Rey Skywalker,good
749,train/img_749.jpg,C-3PO,good
750,train/img_750.jpg,C-3PO,good
751,train/img_751.jpg,Master Yoda,good
752,train/img_752.jpg,Darth Maul,bad
753,train/img_753.jpg,Master Yoda,good
754,train/img_754.jpg,Rey Skywalker,good
755,train/img_755.jpg,Rey Skywalker,good
756,train/img_756.jpg,Rey Skywalker,good
757,train/img_757.jpg,Han Solo,good
758,train/img_758.jpg,Darth Vader,bad
759,train/img_759.jpg,Luke Skywalker,good
760,train/img_760.jpg,C-3PO,good
761,train/img_761.jpg,Kylo Ren,bad
762,train/img_762.jpg,Kylo Ren,bad
763,train/img_763.jpg,Dark Sidious,bad
764,train/img_764.jpg,C-3PO,good
765,train/img_765.jpg,Master Yoda,good
766,train/img_766.jpg,Rey Skywalker,good
767,train/img_767.jpg,Anakin Skywalker,good
768,train/img_768.jpg,Dark Sidious,bad
769,train/img_769.jpg,Master Yoda,good
770,train/img_770.jpg,Anakin Skywalker,good
771,train/img_771.jpg,Luke Skywalker,good
772,train/img_772.jpg,Master Yoda,good
773,train/img_773.jpg,C-3PO,good
774,train/img_774.jpg,Master Yoda,good
775,train/img_775.jpg,Master Yoda,good
776,train/img_776.jpg,Dark Sidious,bad
777,train/img_777.jpg,Master Yoda,good
778,train/img_778.jpg,Dark Sidious,bad
779,train/img_779.jpg,Rey Skywalker,good
780,train/img_780.jpg,Anakin Skywalker,good
781,train/img_781.jpg,Han Solo,good
782,train/img_782.jpg,Master Yoda,good
783,train/img_783.jpg,Han Solo,good
784,train/img_784.jpg,Luke Skywalker,good
785,train/img_785.jpg,Mace Windu,good
786,train/img_786.jpg,Master Yoda,good
787,train/img_787.jpg,Qui-Gon Jinn,good
788,train/img_788.jpg,Anakin Skywalker,good
789,train/img_789.jpg,Master Yoda,good
790,train/img_790.jpg,Luke Skywalker,good
791,train/img_791.jpg,Anakin Skywalker,good
792,train/img_792.jpg,Master Yoda,good
793,train/img_793.jpg,Master Yoda,good
794,train/img_794.jpg,Master Yoda,good
795,train/img_795.jpg,Kylo Ren,bad
796,train/img_796.jpg,Luke Skywalker,good
797,train/img_797.jpg,Rey Skywalker,good
798,train/img_798.jpg,Rey Skywalker,good
799,train/img_799.jpg,Master Yoda,good
800,train/img_800.jpg,Master Yoda,good
801,train/img_801.jpg,Darth Maul,bad
802,train/img_802.jpg,Anakin Skywalker,good
803,train/img_803.jpg,Mace Windu,good
804,train/img_804.jpg,C-3PO,good
805,train/img_805.jpg,Rey Skywalker,good
806,train/img_806.jpg,Mace Windu,good
807,train/img_807.jpg,Anakin Skywalker,good
808,train/img_808.jpg,Master Yoda,good
809,train/img_809.jpg,Master Yoda,good
810,train/img_810.jpg,Master Yoda,good
811,train/img_811.jpg,Dark Sidious,bad
812,train/img_812.jpg,Master Yoda,good
813,train/img_813.jpg,Rey Skywalker,good
814,train/img_814.jpg,Master Yoda,good
815,train/img_815.jpg,Master Yoda,good
816,train/img_816.jpg,Master Yoda,good
817,train/img_817.jpg,Darth Vader,bad
818,train/img_818.jpg,Mace Windu,good
819,train/img_819.jpg,Master Yoda,good
820,train/img_820.jpg,Darth Maul,bad
821,train/img_821.jpg,Dark Sidious,bad
822,train/img_822.jpg,Boba Fett,bad
823,train/img_823.jpg,Anakin Skywalker,good
824,train/img_824.jpg,Mace Windu,good
825,train/img_825.jpg,Master Yoda,good
826,train/img_826.jpg,Dark Sidious,bad
827,train/img_827.jpg,Luke Skywalker,good
828,train/img_828.jpg,Rey Skywalker,good
829,train/img_829.jpg,Darth Maul,bad
830,train/img_830.jpg,Han Solo,good
831,train/img_831.jpg,C-3PO,good
832,train/img_832.jpg,Darth Maul,bad
833,train/img_833.jpg,Kylo Ren,bad
834,train/img_834.jpg,Han Solo,good
835,train/img_835.jpg,Master Yoda,good
836,train/img_836.jpg,C-3PO,good
837,train/img_837.jpg,Qui-Gon Jinn,good
838,train/img_838.jpg,Darth Maul,bad
839,train/img_839.jpg,Kylo Ren,bad
840,train/img_840.jpg,Master Yoda,good
841,train/img_841.jpg,Master Yoda,good
842,train/img_842.jpg,Rey Skywalker,good
843,train/img_843.jpg,Master Yoda,good
844,train/img_844.jpg,Master Yoda,good
845,train/img_845.jpg,Qui-Gon Jinn,good
846,train/img_846.jpg,Rey Skywalker,good
847,train/img_847.jpg,Luke Skywalker,good
848,train/img_848.jpg,Master Yoda,good
849,train/img_849.jpg,Luke Skywalker,good
850,train/img_850.jpg,Boba Fett,bad
851,train/img_851.jpg,Qui-Gon Jinn,good
852,train/img_852.jpg,Master Yoda,good
853,train/img_853.jpg,Han Solo,good
854,train/img_854.jpg,Luke Skywalker,good
855,train/img_855.jpg,Han Solo,good
856,train/img_856.jpg,Master Yoda,good
857,train/img_857.jpg,Master Yoda,good
858,train/img_858.jpg,Rey Skywalker,good
859,train/img_859.jpg,Luke Skywalker,good
860,train/img_860.jpg,Mace Windu,good
861,train/img_861.jpg,Han Solo,good
862,train/img_862.jpg,Mace Windu,good
863,train/img_863.jpg,Darth Maul,bad
864,train/img_864.jpg,Master Yoda,good
865,train/img_865.jpg,Boba Fett,bad
866,train/img_866.jpg,Rey Skywalker,good
867,train/img_867.jpg,Darth Vader,bad
868,train/img_868.jpg,Rey Skywalker,good
869,train/img_869.jpg,Qui-Gon Jinn,good
870,train/img_870.jpg,Anakin Skywalker,good
871,train/img_871.jpg,Han Solo,good
872,train/img_872.jpg,C-3PO,good
873,train/img_873.jpg,Rey Skywalker,good
874,train/img_874.jpg,Master Yoda,good
875,train/img_875.jpg,Qui-Gon Jinn,good
876,train/img_876.jpg,Dark Sidious,bad
877,train/img_877.jpg,Darth Vader,bad
878,train/img_878.jpg,Qui-Gon Jinn,good
879,train/img_879.jpg,C-3PO,good
880,train/img_880.jpg,Darth Vader,bad
881,train/img_881.jpg,Master Yoda,good
882,train/img_882.jpg,Master Yoda,good
883,train/img_883.jpg,Luke Skywalker,good
884,train/img_884.jpg,Mace Windu,good
885,train/img_885.jpg,Han Solo,good
886,train/img_886.jpg,Master Yoda,good
887,train/img_887.jpg,Darth Vader,bad
888,train/img_888.jpg,Anakin Skywalker,good
889,train/img_889.jpg,Mace Windu,good
890,train/img_890.jpg,Luke Skywalker,good
891,train/img_891.jpg,Master Yoda,good
892,train/img_892.jpg,Boba Fett,bad
893,train/img_893.jpg,Anakin Skywalker,good
894,train/img_894.jpg,Master Yoda,good
895,train/img_895.jpg,Darth Vader,bad
896,train/img_896.jpg,Dark Sidious,bad
897,train/img_897.jpg,C-3PO,good
898,train/img_898.jpg,Anakin Skywalker,good
899,train/img_899.jpg,Master Yoda,good
900,train/img_900.jpg,Boba Fett,bad
901,train/img_901.jpg,Darth Vader,bad
902,train/img_902.jpg,Boba Fett,bad
903,train/img_903.jpg,Kylo Ren,bad
904,train/img_904.jpg,Qui-Gon Jinn,good
905,train/img_905.jpg,Kylo Ren,bad
906,train/img_906.jpg,Dark Sidious,bad
907,train/img_907.jpg,Han Solo,good
908,train/img_908.jpg,Boba Fett,bad
909,train/img_909.jpg,Master Yoda,good
910,train/img_910.jpg,Qui-Gon Jinn,good
911,train/img_911.jpg,Master Yoda,good
912,train/img_912.jpg,Master Yoda,good
913,train/img_913.jpg,Darth Vader,bad
914,train/img_914.jpg,Dark Sidious,bad
915,train/img_915.jpg,Master Yoda,good
916,train/img_916.jpg,Rey Skywalker,good
917,train/img_917.jpg,Qui-Gon Jinn,good
918,train/img_918.jpg,Darth Vader,bad
919,train/img_919.jpg,Rey Skywalker,good
920,train/img_920.jpg,Kylo Ren,bad
921,train/img_921.jpg,Han Solo,good
922,train/img_922.jpg,Han Solo,good
923,train/img_923.jpg,Mace Windu,good
924,train/img_924.jpg,Master Yoda,good
925,train/img_925.jpg,Rey Skywalker,good
926,train/img_926.jpg,Master Yoda,good
927,train/img_927.jpg,C-3PO,good
928,train/img_928.jpg,Luke Skywalker,good
929,train/img_929.jpg,Dark Sidious,bad
930,train/img_930.jpg,Darth Vader,bad
931,train/img_931.jpg,Darth Maul,bad
932,train/img_932.jpg,Luke Skywalker,good
933,train/img_933.jpg,Han Solo,good
934,train/img_934.jpg,Mace Windu,good
935,train/img_935.jpg,Darth Maul,bad
936,train/img_936.jpg,Mace Windu,good
937,train/img_937.jpg,C-3PO,good
938,train/img_938.jpg,Rey Skywalker,good
939,train/img_939.jpg,Luke Skywalker,good
940,train/img_940.jpg,Boba Fett,bad
941,train/img_941.jpg,Master Yoda,good
942,train/img_942.jpg,Boba Fett,bad
943,train/img_943.jpg,Luke Skywalker,good
944,train/img_944.jpg,Luke Skywalker,good
945,train/img_945.jpg,Mace Windu,good
946,train/img_946.jpg,C-3PO,good
947,train/img_947.jpg,Dark Sidious,bad
948,train/img_948.jpg,Dark Sidious,bad
949,train/img_949.jpg,Mace Windu,good
950,train/img_950.jpg,Dark Sidious,bad
951,train/img_951.jpg,Luke Skywalker,good
952,train/img_952.jpg,Rey Skywalker,good
953,train/img_953.jpg,Darth Vader,bad
954,train/img_954.jpg,C-3PO,good
955,train/img_955.jpg,Luke Skywalker,good
956,train/img_956.jpg,Rey Skywalker,good
957,train/img_957.jpg,Han Solo,good
958,train/img_958.jpg,C-3PO,good
959,train/img_959.jpg,Luke Skywalker,good
960,train/img_960.jpg,Master Yoda,good
961,train/img_961.jpg,Anakin Skywalker,good
962,train/img_962.jpg,Master Yoda,good
963,train/img_963.jpg,Kylo Ren,bad
964,train/img_964.jpg,Qui-Gon Jinn,good
965,train/img_965.jpg,Rey Skywalker,good
966,train/img_966.jpg,Rey Skywalker,good
967,train/img_967.jpg,Darth Maul,bad
968,train/img_968.jpg,Dark Sidious,bad
969,train/img_969.jpg,Rey Skywalker,good
970,train/img_970.jpg,Master Yoda,good
971,train/img_971.jpg,Darth Vader,bad
972,train/img_972.jpg,Qui-Gon Jinn,good
973,train/img_973.jpg,Master Yoda,good
974,train/img_974.jpg,Luke Skywalker,good
975,train/img_975.jpg,Kylo Ren,bad
976,train/img_976.jpg,C-3PO,good
977,train/img_977.jpg,Qui-Gon Jinn,good
978,train/img_978.jpg,Anakin Skywalker,good
979,train/img_979.jpg,Master Yoda,good
980,train/img_980.jpg,Boba Fett,bad
981,train/img_981.jpg,Luke Skywalker,good
982,train/img_982.jpg,Master Yoda,good
983,train/img_983.jpg,C-3PO,good
984,train/img_984.jpg,Master Yoda,good
985,train/img_985.jpg,Darth Vader,bad
986,train/img_986.jpg,Anakin Skywalker,good
987,train/img_987.jpg,Rey Skywalker,good
988,train/img_988.jpg,Dark Sidious,bad
989,train/img_989.jpg,Master Yoda,good
990,train/img_990.jpg,Anakin Skywalker,good
991,train/img_991.jpg,Darth Maul,bad
992,train/img_992.jpg,Qui-Gon Jinn,good
993,train/img_993.jpg,Darth Maul,bad
994,train/img_994.jpg,Boba Fett,bad
995,train/img_995.jpg,Darth Maul,bad
996,train/img_996.jpg,Darth Maul,bad
997,train/img_997.jpg,Kylo Ren,bad
998,train/img_998.jpg,Rey Skywalker,good
999,train/img_999.jpg,Master Yoda,good
1000,train/img_1000.jpg,Qui-Gon Jinn,good
1001,train/img_1001.jpg,Master Yoda,good
1002,train/img_1002.jpg,Han Solo,good
1003,train/img_1003.jpg,Rey Skywalker,good
1004,train/img_1004.jpg,Qui-Gon Jinn,good
1005,train/img_1005.jpg,Anakin Skywalker,good
1006,train/img_1006.jpg,Luke Skywalker,good
1007,train/img_1007.jpg,Kylo Ren,bad
1008,train/img_1008.jpg,Rey Skywalker,good
1009,train/img_1009.jpg,Han Solo,good
1010,train/img_1010.jpg,Luke Skywalker,good
1011,train/img_1011.jpg,Master Yoda,good
1012,train/img_1012.jpg,Luke Skywalker,good
1013,train/img_1013.jpg,Master Yoda,good
1014,train/img_1014.jpg,Kylo Ren,bad
1015,train/img_1015.jpg,Mace Windu,good
1016,train/img_1016.jpg,Boba Fett,bad
1017,train/img_1017.jpg,Master Yoda,good
1018,train/img_1018.jpg,Han Solo,good
1019,train/img_1019.jpg,Master Yoda,good
1020,train/img_1020.jpg,Kylo Ren,bad
1021,train/img_1021.jpg,Anakin Skywalker,good
1022,train/img_1022.jpg,Mace Windu,good
1023,train/img_1023.jpg,Darth Vader,bad
1024,train/img_1024.jpg,Rey Skywalker,good
1025,train/img_1025.jpg,Darth Maul,bad
1026,train/img_1026.jpg,Dark Sidious,bad
1027,train/img_1027.jpg,Rey Skywalker,good
1028,train/img_1028.jpg,Master Yoda,good
1029,train/img_1029.jpg,Darth Maul,bad
1030,train/img_1030.jpg,Anakin Skywalker,good
1031,train/img_1031.jpg,C-3PO,good
1032,train/img_1032.jpg,Master Yoda,good
1033,train/img_1033.jpg,Mace Windu,good
1034,train/img_1034.jpg,Han Solo,good
1035,train/img_1035.jpg,Anakin Skywalker,good
1036,train/img_1036.jpg,Master Yoda,good
1037,train/img_1037.jpg,Master Yoda,good
1038,train/img_1038.jpg,Darth Maul,bad
1039,train/img_1039.jpg,Dark Sidious,bad
1040,train/img_1040.jpg,Darth Maul,bad
1041,train/img_1041.jpg,Master Yoda,good
1042,train/img_1042.jpg,Master Yoda,good
1043,train/img_1043.jpg,Master Yoda,good
1044,train/img_1044.jpg,Mace Windu,good
1045,train/img_1045.jpg,Master Yoda,good
1046,train/img_1046.jpg,Han Solo,good
1047,train/img_1047.jpg,Anakin Skywalker,good
1048,train/img_1048.jpg,Master Yoda,good
1049,train/img_1049.jpg,Qui-Gon Jinn,good
1050,train/img_1050.jpg,Rey Skywalker,good
1051,train/img_1051.jpg,Kylo Ren,bad
1052,train/img_1052.jpg,Han Solo,good
1053,train/img_1053.jpg,Luke Skywalker,good
1054,train/img_1054.jpg,Anakin Skywalker,good
1055,train/img_1055.jpg,Rey Skywalker,good
1056,train/img_1056.jpg,Han Solo,good
1057,train/img_1057.jpg,Darth Vader,bad
1058,train/img_1058.jpg,Darth Maul,bad
1059,train/img_1059.jpg,Anakin Skywalker,good
1060,train/img_1060.jpg,Darth Maul,bad
1061,train/img_1061.jpg,Darth Vader,bad
1062,train/img_1062.jpg,Mace Windu,good
1063,train/img_1063.jpg,Qui-Gon Jinn,good
1064,train/img_1064.jpg,Anakin Skywalker,good
1065,train/img_1065.jpg,Qui-Gon Jinn,good
1066,train/img_1066.jpg,Darth Vader,bad
1067,train/img_1067.jpg,Master Yoda,good
1068,train/img_1068.jpg,Anakin Skywalker,good
1069,train/img_1069.jpg,Anakin Skywalker,good
1070,train/img_1070.jpg,Dark Sidious,bad
1071,train/img_1071.jpg,Master Yoda,good
1072,train/img_1072.jpg,Rey Skywalker,good
1073,train/img_1073.jpg,Master Yoda,good
1074,train/img_1074.jpg,Master Yoda,good
1075,train/img_1075.jpg,Mace Windu,good
1076,train/img_1076.jpg,C-3PO,good
1077,train/img_1077.jpg,Master Yoda,good
1078,train/img_1078.jpg,Boba Fett,bad
1079,train/img_1079.jpg,C-3PO,good
1080,train/img_1080.jpg,Boba Fett,bad
1081,train/img_1081.jpg,Master Yoda,good
1082,train/img_1082.jpg,Qui-Gon Jinn,good
1083,train/img_1083.jpg,Rey Skywalker,good
1084,train/img_1084.jpg,Rey Skywalker,good
1085,train/img_1085.jpg,Master Yoda,good
1086,train/img_1086.jpg,Dark Sidious,bad
1087,train/img_1087.jpg,Rey Skywalker,good
1088,train/img_1088.jpg,Darth Maul,bad
1089,train/img_1089.jpg,Master Yoda,good
1090,train/img_1090.jpg,Darth Maul,bad
1091,train/img_1091.jpg,Mace Windu,good
1092,train/img_1092.jpg,C-3PO,good
1093,train/img_1093.jpg,Anakin Skywalker,good
1094,train/img_1094.jpg,Darth Maul,bad
1095,train/img_1095.jpg,Anakin Skywalker,good
1096,train/img_1096.jpg,Master Yoda,good
1097,train/img_1097.jpg,Dark Sidious,bad
1098,train/img_1098.jpg,Darth Vader,bad
1099,train/img_1099.jpg,Rey Skywalker,good
1100,train/img_1100.jpg,Master Yoda,good
1101,train/img_1101.jpg,Darth Vader,bad
1102,train/img_1102.jpg,Rey Skywalker,good
1103,train/img_1103.jpg,Rey Skywalker,good
1104,train/img_1104.jpg,Kylo Ren,bad
1105,train/img_1105.jpg,Master Yoda,good
1106,train/img_1106.jpg,C-3PO,good
1107,train/img_1107.jpg,Mace Windu,good
1108,train/img_1108.jpg,C-3PO,good
1109,train/img_1109.jpg,C-3PO,good
1110,train/img_1110.jpg,Han Solo,good
1111,train/img_1111.jpg,Luke Skywalker,good
1112,train/img_1112.jpg,Han Solo,good
1113,train/img_1113.jpg,Dark Sidious,bad
1114,train/img_1114.jpg,Boba Fett,bad
1115,train/img_1115.jpg,Rey Skywalker,good
1116,train/img_1116.jpg,Luke Skywalker,good
1117,train/img_1117.jpg,Darth Vader,bad
1118,train/img_1118.jpg,Master Yoda,good
1119,train/img_1119.jpg,Kylo Ren,bad
1120,train/img_1120.jpg,Luke Skywalker,good
1121,train/img_1121.jpg,Mace Windu,good
1122,train/img_1122.jpg,Mace Windu,good
1123,train/img_1123.jpg,Han Solo,good
1124,train/img_1124.jpg,Mace Windu,good
1125,train/img_1125.jpg,Rey Skywalker,good
1126,train/img_1126.jpg,Darth Vader,bad
1127,train/img_1127.jpg,Rey Skywalker,good
1128,train/img_1128.jpg,Anakin Skywalker,good
1129,train/img_1129.jpg,Rey Skywalker,good
1130,train/img_1130.jpg,Master Yoda,good
1131,train/img_1131.jpg,Qui-Gon Jinn,good
1132,train/img_1132.jpg,Master Yoda,good
1133,train/img_1133.jpg,Master Yoda,good
1134,train/img_1134.jpg,Darth Maul,bad
1135,train/img_1135.jpg,Qui-Gon Jinn,good
1136,train/img_1136.jpg,Mace Windu,good
1137,train/img_1137.jpg,C-3PO,good
1138,train/img_1138.jpg,Kylo Ren,bad
1139,train/img_1139.jpg,Dark Sidious,bad
1140,train/img_1140.jpg,Dark Sidious,bad
1141,train/img_1141.jpg,Rey Skywalker,good
1142,train/img_1142.jpg,Kylo Ren,bad
1143,train/img_1143.jpg,C-3PO,good
1144,train/img_1144.jpg,Master Yoda,good
1145,train/img_1145.jpg,Qui-Gon Jinn,good
1146,train/img_1146.jpg,Qui-Gon Jinn,good
1147,train/img_1147.jpg,Luke Skywalker,good
1148,train/img_1148.jpg,Rey Skywalker,good
1149,train/img_1149.jpg,Mace Windu,good
1150,train/img_1150.jpg,Anakin Skywalker,good
1151,train/img_1151.jpg,Mace Windu,good
1152,train/img_1152.jpg,Kylo Ren,bad
1153,train/img_1153.jpg,Master Yoda,good
1154,train/img_1154.jpg,Han Solo,good
1155,train/img_1155.jpg,Master Yoda,good
1156,train/img_1156.jpg,Rey Skywalker,good
1157,train/img_1157.jpg,Han Solo,good
1158,train/img_1158.jpg,Master Yoda,good
1159,train/img_1159.jpg,Boba Fett,bad
1160,train/img_1160.jpg,Darth Maul,bad
1161,train/img_1161.jpg,Master Yoda,good
1162,train/img_1162.jpg,Master Yoda,good
1163,train/img_1163.jpg,Mace Windu,good
1164,train/img_1164.jpg,Anakin Skywalker,good
1165,train/img_1165.jpg,C-3PO,good
1166,train/img_1166.jpg,Anakin Skywalker,good
1167,train/img_1167.jpg,C-3PO,good
1168,train/img_1168.jpg,Han Solo,good
1169,train/img_1169.jpg,Master Yoda,good
1170,train/img_1170.jpg,Master Yoda,good
1171,train/img_1171.jpg,Mace Windu,good
1172,train/img_1172.jpg,Kylo Ren,bad
1173,train/img_1173.jpg,Qui-Gon Jinn,good
1174,train/img_1174.jpg,Darth Maul,bad
1175,train/img_1175.jpg,Han Solo,good
1176,train/img_1176.jpg,C-3PO,good
1177,train/img_1177.jpg,Luke Skywalker,good
1178,train/img_1178.jpg,C-3PO,good
1179,train/img_1179.jpg,Boba Fett,bad
1180,train/img_1180.jpg,Kylo Ren,bad
1181,train/img_1181.jpg,Master Yoda,good
1182,train/img_1182.jpg,Han Solo,good
1183,train/img_1183.jpg,Master Yoda,good
1184,train/img_1184.jpg,Mace Windu,good
1185,train/img_1185.jpg,Dark Sidious,bad
1186,train/img_1186.jpg,Darth Maul,bad
1187,train/img_1187.jpg,Luke Skywalker,good
1188,train/img_1188.jpg,Anakin Skywalker,good
1189,train/img_1189.jpg,Han Solo,good
1190,train/img_1190.jpg,Darth Maul,bad
1191,train/img_1191.jpg,Darth Maul,bad
1192,train/img_1192.jpg,C-3PO,good
1193,train/img_1193.jpg,Boba Fett,bad
1194,train/img_1194.jpg,Qui-Gon Jinn,good
1195,train/img_1195.jpg,Master Yoda,good
1196,train/img_1196.jpg,Qui-Gon Jinn,good
1197,train/img_1197.jpg,Han Solo,good
1198,train/img_1198.jpg,Rey Skywalker,good
1199,train/img_1199.jpg,Darth Maul,bad
1200,train/img_1200.jpg,Master Yoda,good
1201,train/img_1201.jpg,Rey Skywalker,good
1202,train/img_1202.jpg,Master Yoda,good
1203,train/img_1203.jpg,Darth Maul,bad
1204,train/img_1204.jpg,Luke Skywalker,good
1205,train/img_1205.jpg,Qui-Gon Jinn,good
1206,train/img_1206.jpg,Master Yoda,good
1207,train/img_1207.jpg,Dark Sidious,bad
1208,train/img_1208.jpg,Master Yoda,good
1209,train/img_1209.jpg,Dark Sidious,bad
1210,train/img_1210.jpg,Mace Windu,good
1211,train/img_1211.jpg,Master Yoda,good
1212,train/img_1212.jpg,Boba Fett,bad
1213,train/img_1213.jpg,Kylo Ren,bad
1214,train/img_1214.jpg,Master Yoda,good
1215,train/img_1215.jpg,Darth Vader,bad
1216,train/img_1216.jpg,Luke Skywalker,good
1217,train/img_1217.jpg,Qui-Gon Jinn,good
1218,train/img_1218.jpg,Master Yoda,good
1219,train/img_1219.jpg,Anakin Skywalker,good
1220,train/img_1220.jpg,Master Yoda,good
1221,train/img_1221.jpg,C-3PO,good
1222,train/img_1222.jpg,Han Solo,good
1223,train/img_1223.jpg,Mace Windu,good
1224,train/img_1224.jpg,Boba Fett,bad
1225,train/img_1225.jpg,Rey Skywalker,good
1226,train/img_1226.jpg,Darth Vader,bad
1227,train/img_1227.jpg,Qui-Gon Jinn,good
1228,train/img_1228.jpg,Rey Skywalker,good
1229,train/img_1229.jpg,Anakin Skywalker,good
1230,train/img_1230.jpg,Anakin Skywalker,good
1231,train/img_1231.jpg,Dark Sidious,bad
1232,train/img_1232.jpg,Darth Vader,bad
1233,train/img_1233.jpg,Master Yoda,good
1234,train/img_1234.jpg,Qui-Gon Jinn,good
1235,train/img_1235.jpg,Dark Sidious,bad
1236,train/img_1236.jpg,C-3PO,good
1237,train/img_1237.jpg,Dark Sidious,bad
1238,train/img_1238.jpg,Mace Windu,good
1239,train/img_1239.jpg,Kylo Ren,bad
1240,train/img_1240.jpg,Anakin Skywalker,good
1241,train/img_1241.jpg,Anakin Skywalker,good
1242,train/img_1242.jpg,Mace Windu,good
1243,train/img_1243.jpg,Darth Vader,bad
1244,train/img_1244.jpg,Han Solo,good
